Time,A1,A2,A3,A4,A5,A6,A7,A8,A9,A10,A11,A12,B1,B2,B3,B4,B5,B6,B7,B8,B9,B10,B11,B12
0,0.094,0.099,0.095,0.097,0.124,0.114,0.118,0.126,0.113,0.113,0.113,0.113,0.113,0.111,0.102,0.103,0.108,0.113,0.116,0.119,0.122,0.114,0.114,0.116
300,0.095,0.1,0.099,0.099,0.122,0.114,0.117,0.124,0.112,0.114,0.113,0.115,0.114,0.112,0.102,0.103,0.108,0.112,0.115,0.119,0.121,0.114,0.115,0.117
600,0.096,0.101,0.098,0.099,0.122,0.114,0.117,0.123,0.112,0.115,0.113,0.114,0.114,0.112,0.102,0.103,0.108,0.113,0.115,0.119,0.121,0.114,0.116,0.117
900,0.096,0.102,0.099,0.099,0.122,0.114,0.117,0.123,0.113,0.115,0.113,0.114,0.114,0.112,0.102,0.103,0.108,0.113,0.115,0.119,0.121,0.115,0.116,0.117
1201,0.096,0.101,0.099,0.099,0.121,0.114,0.117,0.123,0.113,0.115,0.113,0.114,0.115,0.112,0.102,0.103,0.109,0.113,0.115,0.119,0.121,0.115,0.116,0.117
1500,0.096,0.1,0.1,0.1,0.121,0.114,0.118,0.123,0.113,0.115,0.113,0.114,0.115,0.112,0.102,0.103,0.109,0.113,0.116,0.12,0.121,0.115,0.116,0.118
1801,0.096,0.101,0.1,0.099,0.121,0.114,0.118,0.123,0.113,0.116,0.113,0.115,0.115,0.113,0.101,0.103,0.109,0.113,0.116,0.119,0.121,0.116,0.116,0.118
2100,0.096,0.101,0.1,0.098,0.121,0.114,0.118,0.122,0.113,0.115,0.114,0.115,0.115,0.113,0.102,0.103,0.109,0.114,0.116,0.12,0.121,0.116,0.116,0.118
2401,0.096,0.102,0.1,0.099,0.121,0.114,0.118,0.122,0.113,0.115,0.114,0.115,0.115,0.113,0.102,0.103,0.109,0.114,0.116,0.12,0.121,0.116,0.116,0.118
2700,0.096,0.102,0.099,0.1,0.121,0.114,0.118,0.122,0.114,0.115,0.113,0.115,0.116,0.113,0.102,0.103,0.109,0.114,0.116,0.12,0.121,0.116,0.117,0.118
3000,0.096,0.101,0.099,0.099,0.121,0.114,0.118,0.122,0.114,0.116,0.113,0.114,0.115,0.113,0.102,0.103,0.109,0.114,0.117,0.12,0.121,0.116,0.117,0.118
3300,0.096,0.101,0.1,0.1,0.121,0.114,0.118,0.122,0.114,0.116,0.114,0.115,0.115,0.113,0.102,0.103,0.109,0.114,0.116,0.121,0.121,0.116,0.117,0.118
3600,0.097,0.101,0.1,0.1,0.121,0.114,0.118,0.122,0.114,0.116,0.114,0.114,0.115,0.113,0.102,0.104,0.109,0.115,0.117,0.121,0.121,0.117,0.116,0.118
3901,0.096,0.101,0.1,0.1,0.12,0.114,0.118,0.122,0.114,0.116,0.114,0.115,0.116,0.113,0.102,0.104,0.109,0.115,0.116,0.121,0.121,0.116,0.117,0.118
4200,0.097,0.101,0.1,0.1,0.121,0.115,0.119,0.123,0.114,0.117,0.114,0.115,0.115,0.113,0.102,0.104,0.109,0.115,0.117,0.121,0.121,0.116,0.117,0.119
4501,0.097,0.101,0.1,0.1,0.122,0.115,0.119,0.123,0.114,0.117,0.114,0.115,0.115,0.113,0.102,0.104,0.109,0.115,0.117,0.122,0.121,0.117,0.118,0.119
4800,0.097,0.102,0.1,0.101,0.121,0.115,0.119,0.123,0.114,0.117,0.114,0.115,0.115,0.114,0.102,0.104,0.109,0.116,0.117,0.122,0.121,0.117,0.117,0.119
5101,0.097,0.102,0.1,0.1,0.122,0.115,0.119,0.122,0.114,0.116,0.114,0.115,0.115,0.114,0.102,0.104,0.109,0.116,0.117,0.122,0.121,0.116,0.117,0.119
5400,0.097,0.102,0.1,0.1,0.122,0.115,0.119,0.122,0.115,0.116,0.114,0.115,0.115,0.114,0.102,0.104,0.11,0.117,0.117,0.123,0.121,0.117,0.117,0.119
5700,0.097,0.102,0.1,0.1,0.12,0.115,0.119,0.122,0.115,0.116,0.114,0.115,0.115,0.114,0.102,0.104,0.11,0.117,0.117,0.123,0.121,0.117,0.117,0.119
6000,0.097,0.101,0.099,0.101,0.122,0.115,0.119,0.123,0.115,0.116,0.114,0.116,0.116,0.114,0.102,0.104,0.11,0.118,0.116,0.123,0.121,0.117,0.118,0.12
6300,0.097,0.102,0.1,0.1,0.122,0.115,0.119,0.123,0.115,0.117,0.114,0.116,0.116,0.114,0.103,0.104,0.11,0.118,0.117,0.124,0.121,0.117,0.118,0.12
6601,0.097,0.102,0.1,0.1,0.122,0.115,0.119,0.123,0.115,0.117,0.115,0.116,0.116,0.114,0.102,0.104,0.109,0.118,0.117,0.124,0.121,0.117,0.119,0.119
6900,0.097,0.102,0.1,0.101,0.122,0.115,0.119,0.123,0.115,0.117,0.115,0.116,0.116,0.114,0.103,0.104,0.11,0.118,0.117,0.124,0.122,0.118,0.118,0.119
7201,0.097,0.102,0.1,0.1,0.122,0.115,0.119,0.122,0.115,0.117,0.115,0.115,0.116,0.114,0.103,0.105,0.109,0.119,0.117,0.125,0.122,0.118,0.117,0.119
7500,0.098,0.102,0.1,0.1,0.122,0.116,0.119,0.123,0.115,0.118,0.115,0.115,0.116,0.114,0.103,0.105,0.11,0.119,0.117,0.125,0.122,0.118,0.117,0.119
7801,0.098,0.103,0.101,0.101,0.122,0.116,0.119,0.123,0.116,0.117,0.115,0.116,0.116,0.114,0.103,0.105,0.11,0.12,0.117,0.125,0.122,0.117,0.117,0.119
8100,0.098,0.104,0.101,0.101,0.122,0.116,0.119,0.123,0.115,0.118,0.116,0.116,0.116,0.114,0.103,0.105,0.11,0.12,0.116,0.126,0.122,0.117,0.118,0.12
8400,0.098,0.104,0.102,0.101,0.122,0.116,0.12,0.123,0.116,0.118,0.116,0.116,0.116,0.115,0.103,0.106,0.11,0.12,0.117,0.127,0.122,0.117,0.118,0.119
8700,0.098,0.104,0.102,0.101,0.122,0.116,0.12,0.123,0.116,0.118,0.116,0.115,0.117,0.114,0.103,0.106,0.11,0.121,0.117,0.127,0.122,0.117,0.118,0.12
9000,0.098,0.104,0.102,0.101,0.123,0.116,0.12,0.123,0.116,0.118,0.116,0.116,0.117,0.114,0.103,0.106,0.11,0.122,0.117,0.127,0.122,0.118,0.118,0.12
9301,0.098,0.104,0.102,0.101,0.122,0.116,0.12,0.123,0.117,0.118,0.116,0.116,0.117,0.115,0.103,0.106,0.11,0.122,0.117,0.128,0.122,0.118,0.118,0.12
9600,0.098,0.104,0.101,0.101,0.122,0.117,0.12,0.123,0.116,0.119,0.116,0.116,0.117,0.115,0.103,0.106,0.11,0.123,0.117,0.128,0.123,0.118,0.118,0.12
9901,0.099,0.104,0.102,0.101,0.122,0.117,0.12,0.123,0.116,0.119,0.116,0.116,0.117,0.115,0.104,0.106,0.11,0.123,0.118,0.128,0.122,0.118,0.119,0.12
10200,0.099,0.104,0.102,0.102,0.122,0.117,0.12,0.123,0.116,0.119,0.116,0.116,0.117,0.115,0.103,0.106,0.11,0.124,0.117,0.129,0.122,0.118,0.119,0.12
10501,0.099,0.104,0.102,0.101,0.122,0.117,0.121,0.123,0.117,0.119,0.116,0.117,0.117,0.115,0.104,0.106,0.11,0.124,0.118,0.129,0.122,0.118,0.119,0.121
10800,0.098,0.105,0.102,0.101,0.122,0.117,0.12,0.123,0.117,0.119,0.116,0.116,0.117,0.115,0.104,0.106,0.111,0.125,0.117,0.13,0.122,0.118,0.12,0.121
11100,0.098,0.105,0.102,0.102,0.122,0.117,0.12,0.122,0.117,0.119,0.116,0.116,0.117,0.115,0.104,0.107,0.11,0.125,0.118,0.13,0.122,0.118,0.119,0.121
11400,0.098,0.105,0.102,0.101,0.122,0.118,0.121,0.124,0.117,0.119,0.116,0.116,0.117,0.115,0.104,0.107,0.111,0.126,0.118,0.131,0.122,0.119,0.118,0.121
11700,0.098,0.105,0.102,0.102,0.123,0.117,0.121,0.123,0.118,0.119,0.116,0.116,0.117,0.116,0.104,0.107,0.111,0.126,0.117,0.131,0.123,0.118,0.119,0.121
12001,0.098,0.105,0.102,0.102,0.123,0.118,0.121,0.123,0.117,0.119,0.116,0.116,0.118,0.116,0.104,0.107,0.111,0.127,0.117,0.131,0.122,0.119,0.119,0.121
12300,0.099,0.104,0.102,0.102,0.123,0.118,0.121,0.123,0.118,0.119,0.117,0.116,0.117,0.116,0.105,0.107,0.111,0.127,0.117,0.131,0.122,0.119,0.118,0.121
12601,0.099,0.104,0.102,0.102,0.123,0.118,0.122,0.123,0.118,0.119,0.117,0.117,0.117,0.115,0.105,0.107,0.111,0.127,0.117,0.133,0.122,0.119,0.119,0.121
12900,0.099,0.105,0.103,0.103,0.123,0.118,0.122,0.123,0.119,0.12,0.118,0.117,0.117,0.116,0.105,0.107,0.111,0.128,0.118,0.133,0.122,0.119,0.118,0.121
13201,0.099,0.105,0.103,0.103,0.123,0.119,0.122,0.124,0.118,0.119,0.118,0.116,0.117,0.116,0.106,0.107,0.111,0.129,0.118,0.133,0.122,0.119,0.119,0.121
13500,0.099,0.104,0.103,0.104,0.125,0.119,0.122,0.124,0.118,0.119,0.118,0.117,0.117,0.116,0.106,0.108,0.111,0.129,0.118,0.134,0.122,0.119,0.119,0.121
13800,0.099,0.104,0.102,0.103,0.124,0.119,0.123,0.124,0.119,0.12,0.118,0.117,0.117,0.116,0.106,0.107,0.111,0.129,0.118,0.134,0.123,0.119,0.119,0.121
14100,0.099,0.105,0.103,0.104,0.124,0.119,0.123,0.123,0.119,0.12,0.119,0.118,0.118,0.116,0.107,0.108,0.111,0.13,0.118,0.134,0.122,0.119,0.119,0.122
14400,0.099,0.105,0.104,0.104,0.126,0.12,0.124,0.124,0.12,0.12,0.119,0.117,0.118,0.116,0.107,0.108,0.111,0.13,0.118,0.134,0.123,0.119,0.119,0.122
14701,0.099,0.105,0.104,0.105,0.126,0.119,0.125,0.123,0.121,0.119,0.12,0.118,0.118,0.116,0.108,0.108,0.111,0.131,0.118,0.134,0.122,0.12,0.119,0.122
15000,0.099,0.104,0.104,0.106,0.127,0.12,0.125,0.124,0.122,0.121,0.121,0.117,0.118,0.116,0.109,0.108,0.112,0.132,0.118,0.135,0.123,0.12,0.12,0.122
15301,0.099,0.104,0.105,0.107,0.128,0.12,0.125,0.124,0.122,0.121,0.122,0.117,0.119,0.116,0.11,0.108,0.111,0.132,0.118,0.135,0.123,0.12,0.12,0.122
15600,0.1,0.104,0.106,0.107,0.128,0.121,0.126,0.124,0.123,0.12,0.122,0.117,0.118,0.116,0.111,0.108,0.111,0.132,0.118,0.135,0.123,0.12,0.12,0.123
15901,0.099,0.103,0.106,0.109,0.129,0.121,0.127,0.124,0.124,0.12,0.124,0.117,0.118,0.116,0.112,0.108,0.111,0.132,0.118,0.135,0.123,0.12,0.12,0.122
16200,0.099,0.103,0.107,0.109,0.131,0.121,0.129,0.124,0.125,0.119,0.125,0.117,0.119,0.116,0.113,0.108,0.112,0.132,0.118,0.135,0.123,0.12,0.12,0.122
16500,0.1,0.103,0.108,0.111,0.132,0.121,0.129,0.124,0.127,0.12,0.126,0.118,0.119,0.116,0.115,0.109,0.112,0.132,0.118,0.136,0.124,0.12,0.12,0.123
16800,0.1,0.103,0.11,0.114,0.133,0.122,0.13,0.124,0.129,0.119,0.128,0.117,0.119,0.116,0.116,0.109,0.112,0.133,0.118,0.136,0.124,0.12,0.12,0.123
17100,0.1,0.103,0.111,0.116,0.135,0.122,0.133,0.124,0.131,0.119,0.131,0.117,0.119,0.116,0.119,0.109,0.112,0.133,0.118,0.137,0.124,0.12,0.121,0.123
17401,0.1,0.103,0.114,0.119,0.138,0.122,0.135,0.124,0.133,0.119,0.133,0.118,0.119,0.116,0.121,0.109,0.113,0.134,0.118,0.137,0.125,0.12,0.12,0.123
17700,0.1,0.103,0.115,0.122,0.141,0.123,0.138,0.124,0.136,0.119,0.136,0.118,0.12,0.117,0.125,0.109,0.113,0.135,0.119,0.137,0.125,0.12,0.121,0.124
18001,0.1,0.105,0.117,0.124,0.143,0.123,0.14,0.124,0.139,0.119,0.14,0.118,0.12,0.116,0.128,0.109,0.113,0.134,0.119,0.138,0.125,0.121,0.122,0.124
18300,0.1,0.104,0.12,0.127,0.146,0.124,0.142,0.124,0.143,0.119,0.144,0.118,0.12,0.117,0.132,0.109,0.113,0.134,0.119,0.137,0.125,0.121,0.121,0.124
18601,0.1,0.104,0.123,0.132,0.152,0.125,0.147,0.125,0.147,0.119,0.149,0.118,0.12,0.117,0.137,0.11,0.113,0.134,0.119,0.137,0.125,0.121,0.121,0.124
18900,0.101,0.105,0.127,0.136,0.156,0.126,0.152,0.125,0.151,0.12,0.154,0.118,0.121,0.117,0.142,0.11,0.114,0.134,0.119,0.138,0.125,0.121,0.122,0.125
19200,0.101,0.105,0.131,0.142,0.161,0.127,0.156,0.125,0.156,0.12,0.16,0.118,0.121,0.117,0.148,0.11,0.114,0.135,0.119,0.138,0.126,0.121,0.122,0.125
19500,0.101,0.104,0.136,0.148,0.166,0.127,0.161,0.125,0.163,0.12,0.166,0.118,0.121,0.117,0.155,0.11,0.114,0.135,0.12,0.139,0.126,0.121,0.123,0.126
19800,0.101,0.104,0.141,0.154,0.173,0.128,0.167,0.125,0.169,0.12,0.174,0.118,0.122,0.117,0.162,0.11,0.115,0.136,0.12,0.14,0.127,0.121,0.123,0.126
20101,0.102,0.104,0.147,0.162,0.18,0.13,0.173,0.125,0.175,0.12,0.182,0.118,0.123,0.117,0.168,0.11,0.115,0.136,0.12,0.14,0.128,0.121,0.124,0.127
20400,0.102,0.104,0.154,0.168,0.188,0.131,0.181,0.125,0.184,0.12,0.19,0.118,0.123,0.117,0.173,0.11,0.116,0.137,0.12,0.14,0.128,0.121,0.125,0.128
20701,0.102,0.104,0.161,0.175,0.196,0.132,0.188,0.125,0.191,0.12,0.198,0.118,0.124,0.118,0.18,0.111,0.117,0.137,0.121,0.14,0.129,0.122,0.125,0.128
21000,0.102,0.105,0.168,0.184,0.204,0.134,0.196,0.126,0.2,0.12,0.206,0.118,0.124,0.118,0.188,0.111,0.117,0.137,0.121,0.141,0.129,0.121,0.125,0.129
21301,0.103,0.105,0.175,0.192,0.212,0.136,0.203,0.125,0.208,0.12,0.215,0.118,0.125,0.118,0.196,0.11,0.118,0.138,0.121,0.142,0.13,0.122,0.126,0.13
21600,0.103,0.105,0.184,0.2,0.223,0.138,0.212,0.125,0.218,0.12,0.226,0.118,0.126,0.118,0.206,0.111,0.119,0.138,0.122,0.142,0.132,0.122,0.126,0.131
21900,0.104,0.104,0.193,0.211,0.233,0.14,0.221,0.125,0.229,0.121,0.237,0.119,0.127,0.118,0.216,0.111,0.12,0.138,0.122,0.142,0.133,0.121,0.128,0.132
22200,0.105,0.104,0.202,0.221,0.245,0.143,0.231,0.126,0.24,0.12,0.25,0.118,0.127,0.119,0.227,0.111,0.121,0.139,0.123,0.143,0.134,0.122,0.129,0.134
22500,0.106,0.104,0.214,0.231,0.258,0.146,0.243,0.126,0.253,0.121,0.262,0.119,0.129,0.119,0.238,0.111,0.122,0.14,0.123,0.145,0.135,0.122,0.13,0.135
22801,0.107,0.104,0.225,0.242,0.27,0.15,0.254,0.127,0.265,0.121,0.275,0.119,0.13,0.119,0.248,0.111,0.123,0.14,0.124,0.146,0.138,0.122,0.131,0.136
23100,0.109,0.104,0.238,0.255,0.284,0.154,0.268,0.126,0.278,0.121,0.288,0.119,0.132,0.119,0.26,0.11,0.125,0.14,0.124,0.147,0.139,0.123,0.131,0.138
23401,0.111,0.104,0.251,0.265,0.297,0.159,0.28,0.126,0.292,0.12,0.303,0.118,0.133,0.12,0.272,0.11,0.126,0.141,0.125,0.148,0.141,0.123,0.133,0.141
23700,0.114,0.104,0.264,0.276,0.312,0.164,0.294,0.127,0.307,0.122,0.318,0.119,0.135,0.121,0.285,0.11,0.128,0.14,0.126,0.15,0.143,0.123,0.135,0.143
24001,0.113,0.105,0.277,0.287,0.329,0.17,0.308,0.127,0.324,0.122,0.334,0.119,0.137,0.121,0.297,0.11,0.13,0.139,0.127,0.151,0.146,0.123,0.137,0.145
24300,0.115,0.105,0.292,0.298,0.345,0.178,0.323,0.127,0.339,0.122,0.352,0.119,0.14,0.122,0.311,0.11,0.132,0.139,0.128,0.153,0.149,0.123,0.139,0.148
24600,0.118,0.105,0.308,0.311,0.362,0.185,0.339,0.126,0.355,0.122,0.367,0.118,0.142,0.122,0.322,0.11,0.135,0.139,0.13,0.155,0.152,0.124,0.141,0.151
24900,0.121,0.105,0.323,0.322,0.378,0.192,0.355,0.127,0.373,0.122,0.383,0.119,0.145,0.123,0.333,0.11,0.138,0.14,0.131,0.157,0.155,0.124,0.144,0.154
25200,0.125,0.106,0.339,0.335,0.394,0.2,0.371,0.127,0.388,0.122,0.399,0.119,0.148,0.123,0.343,0.11,0.14,0.14,0.133,0.16,0.159,0.124,0.147,0.158
25501,0.128,0.106,0.353,0.347,0.41,0.207,0.386,0.127,0.405,0.122,0.417,0.118,0.152,0.124,0.353,0.11,0.144,0.14,0.134,0.162,0.163,0.124,0.15,0.162
25800,0.132,0.106,0.368,0.359,0.428,0.216,0.402,0.127,0.421,0.122,0.434,0.119,0.156,0.125,0.366,0.11,0.149,0.141,0.136,0.166,0.168,0.125,0.154,0.166
26101,0.138,0.106,0.382,0.371,0.445,0.224,0.419,0.127,0.44,0.122,0.453,0.119,0.16,0.126,0.378,0.112,0.153,0.141,0.138,0.17,0.172,0.124,0.158,0.171
26400,0.144,0.106,0.398,0.383,0.463,0.236,0.437,0.127,0.457,0.121,0.47,0.119,0.164,0.126,0.392,0.112,0.156,0.14,0.14,0.172,0.178,0.125,0.162,0.177
26701,0.149,0.106,0.414,0.395,0.479,0.246,0.453,0.127,0.476,0.122,0.487,0.119,0.169,0.128,0.406,0.113,0.161,0.14,0.142,0.175,0.184,0.125,0.166,0.183
27000,0.157,0.107,0.431,0.407,0.496,0.258,0.47,0.127,0.492,0.122,0.503,0.119,0.176,0.128,0.42,0.112,0.168,0.14,0.145,0.179,0.19,0.126,0.171,0.19
27300,0.165,0.105,0.446,0.418,0.512,0.269,0.487,0.127,0.509,0.122,0.519,0.119,0.181,0.13,0.436,0.112,0.173,0.14,0.148,0.184,0.196,0.126,0.176,0.197
27600,0.171,0.105,0.458,0.427,0.526,0.282,0.502,0.127,0.525,0.122,0.53,0.119,0.189,0.131,0.453,0.111,0.179,0.14,0.151,0.187,0.203,0.127,0.182,0.204
27900,0.179,0.106,0.472,0.438,0.532,0.296,0.518,0.127,0.54,0.122,0.536,0.119,0.196,0.133,0.468,0.11,0.186,0.14,0.155,0.192,0.21,0.127,0.189,0.213
28201,0.187,0.106,0.486,0.447,0.538,0.309,0.531,0.128,0.549,0.122,0.542,0.119,0.203,0.135,0.474,0.11,0.193,0.14,0.16,0.197,0.218,0.127,0.194,0.221
28500,0.196,0.106,0.499,0.455,0.543,0.322,0.543,0.127,0.554,0.122,0.548,0.119,0.211,0.136,0.48,0.11,0.2,0.14,0.164,0.203,0.227,0.128,0.201,0.229
28801,0.206,0.107,0.51,0.464,0.55,0.335,0.549,0.127,0.56,0.122,0.554,0.119,0.22,0.138,0.486,0.11,0.207,0.14,0.169,0.208,0.237,0.129,0.209,0.237
29100,0.218,0.106,0.518,0.469,0.557,0.349,0.555,0.127,0.568,0.122,0.561,0.12,0.229,0.141,0.492,0.111,0.216,0.141,0.174,0.214,0.247,0.129,0.217,0.246
29401,0.229,0.106,0.526,0.475,0.562,0.363,0.562,0.128,0.574,0.122,0.566,0.119,0.239,0.143,0.498,0.111,0.224,0.141,0.18,0.22,0.257,0.13,0.225,0.254
29700,0.241,0.107,0.535,0.48,0.567,0.376,0.568,0.127,0.581,0.122,0.571,0.12,0.249,0.145,0.503,0.111,0.232,0.141,0.186,0.228,0.268,0.131,0.234,0.263
30000,0.253,0.106,0.544,0.484,0.572,0.391,0.573,0.128,0.587,0.122,0.577,0.119,0.26,0.147,0.507,0.111,0.242,0.142,0.192,0.232,0.279,0.132,0.241,0.272
30300,0.266,0.106,0.551,0.487,0.576,0.407,0.578,0.128,0.592,0.123,0.581,0.119,0.27,0.15,0.511,0.112,0.251,0.142,0.198,0.239,0.292,0.132,0.251,0.281
30600,0.279,0.106,0.555,0.489,0.582,0.423,0.583,0.128,0.597,0.122,0.585,0.12,0.282,0.153,0.515,0.113,0.261,0.142,0.205,0.246,0.304,0.133,0.261,0.289
30901,0.294,0.106,0.556,0.491,0.586,0.434,0.588,0.128,0.603,0.123,0.589,0.12,0.294,0.156,0.519,0.114,0.271,0.142,0.213,0.252,0.317,0.135,0.27,0.298
31200,0.309,0.106,0.558,0.495,0.59,0.444,0.592,0.128,0.608,0.123,0.595,0.12,0.305,0.159,0.522,0.114,0.281,0.142,0.22,0.258,0.33,0.135,0.281,0.307
31501,0.325,0.105,0.559,0.496,0.593,0.448,0.596,0.128,0.611,0.123,0.599,0.119,0.319,0.162,0.524,0.115,0.291,0.142,0.227,0.264,0.344,0.136,0.291,0.316
31800,0.344,0.106,0.564,0.497,0.596,0.444,0.6,0.128,0.617,0.123,0.602,0.119,0.331,0.166,0.526,0.115,0.301,0.143,0.235,0.269,0.358,0.138,0.3,0.324
32101,0.36,0.106,0.565,0.501,0.597,0.428,0.602,0.129,0.621,0.123,0.604,0.12,0.345,0.17,0.53,0.116,0.313,0.143,0.242,0.275,0.374,0.139,0.312,0.331
32400,0.377,0.106,0.565,0.503,0.602,0.401,0.606,0.128,0.624,0.123,0.607,0.12,0.359,0.175,0.532,0.117,0.325,0.143,0.25,0.282,0.388,0.14,0.32,0.339
32700,0.393,0.106,0.565,0.506,0.604,0.37,0.608,0.128,0.626,0.123,0.61,0.12,0.373,0.178,0.534,0.118,0.337,0.143,0.26,0.288,0.404,0.142,0.331,0.348
33000,0.409,0.107,0.567,0.511,0.604,0.358,0.611,0.128,0.63,0.123,0.612,0.12,0.388,0.182,0.537,0.113,0.349,0.144,0.268,0.296,0.42,0.143,0.34,0.355
33300,0.427,0.106,0.568,0.512,0.607,0.356,0.613,0.128,0.633,0.123,0.615,0.12,0.403,0.186,0.538,0.111,0.362,0.144,0.277,0.301,0.437,0.146,0.35,0.364
33601,0.444,0.106,0.568,0.515,0.607,0.353,0.616,0.128,0.636,0.123,0.618,0.119,0.416,0.191,0.54,0.111,0.376,0.144,0.284,0.308,0.452,0.147,0.36,0.372
33900,0.462,0.107,0.569,0.519,0.609,0.352,0.619,0.128,0.637,0.123,0.62,0.12,0.43,0.194,0.543,0.111,0.391,0.145,0.292,0.314,0.468,0.149,0.37,0.379
34201,0.479,0.107,0.569,0.517,0.609,0.351,0.62,0.128,0.641,0.123,0.622,0.12,0.444,0.197,0.549,0.111,0.403,0.145,0.301,0.321,0.483,0.15,0.38,0.388
34500,0.496,0.107,0.569,0.519,0.61,0.351,0.623,0.128,0.644,0.124,0.625,0.12,0.458,0.2,0.551,0.111,0.417,0.146,0.308,0.326,0.497,0.153,0.39,0.393
34801,0.51,0.107,0.572,0.523,0.612,0.345,0.624,0.128,0.647,0.124,0.627,0.12,0.471,0.203,0.557,0.111,0.428,0.146,0.315,0.333,0.512,0.155,0.398,0.403
35100,0.527,0.107,0.57,0.519,0.614,0.343,0.625,0.128,0.649,0.123,0.628,0.12,0.483,0.204,0.564,0.111,0.442,0.147,0.323,0.338,0.527,0.157,0.41,0.408
35400,0.537,0.106,0.57,0.521,0.616,0.338,0.627,0.128,0.651,0.123,0.63,0.12,0.496,0.207,0.567,0.111,0.454,0.148,0.33,0.343,0.54,0.159,0.419,0.416
35700,0.543,0.107,0.571,0.524,0.616,0.335,0.628,0.129,0.654,0.123,0.632,0.121,0.509,0.209,0.569,0.111,0.463,0.149,0.338,0.347,0.547,0.161,0.43,0.422
36000,0.551,0.106,0.569,0.524,0.617,0.33,0.631,0.128,0.655,0.122,0.633,0.12,0.52,0.21,0.572,0.111,0.467,0.15,0.345,0.354,0.552,0.163,0.438,0.428
36301,0.558,0.106,0.571,0.525,0.618,0.326,0.631,0.128,0.657,0.122,0.634,0.121,0.533,0.212,0.578,0.112,0.471,0.151,0.353,0.359,0.557,0.165,0.446,0.433
36600,0.566,0.106,0.571,0.527,0.618,0.323,0.632,0.128,0.66,0.122,0.637,0.121,0.542,0.212,0.581,0.111,0.477,0.152,0.361,0.363,0.563,0.168,0.456,0.438
36901,0.571,0.106,0.572,0.529,0.62,0.32,0.633,0.129,0.661,0.122,0.638,0.121,0.547,0.213,0.585,0.112,0.483,0.153,0.366,0.368,0.571,0.169,0.464,0.445
37200,0.578,0.107,0.575,0.53,0.622,0.318,0.635,0.129,0.664,0.122,0.639,0.12,0.552,0.213,0.584,0.112,0.49,0.154,0.376,0.373,0.577,0.172,0.471,0.451
37501,0.584,0.107,0.575,0.531,0.622,0.316,0.635,0.128,0.665,0.123,0.641,0.121,0.558,0.213,0.585,0.112,0.494,0.154,0.383,0.378,0.583,0.174,0.476,0.456
37800,0.589,0.106,0.576,0.532,0.623,0.317,0.637,0.129,0.667,0.124,0.643,0.121,0.564,0.214,0.588,0.111,0.502,0.156,0.39,0.383,0.589,0.177,0.48,0.46
38100,0.594,0.106,0.577,0.534,0.624,0.317,0.639,0.129,0.669,0.124,0.645,0.121,0.57,0.215,0.593,0.112,0.506,0.157,0.394,0.388,0.593,0.178,0.483,0.463
38400,0.599,0.106,0.578,0.535,0.625,0.317,0.64,0.129,0.67,0.123,0.646,0.121,0.573,0.216,0.591,0.112,0.51,0.158,0.4,0.391,0.597,0.179,0.489,0.466
38700,0.601,0.106,0.578,0.537,0.628,0.317,0.641,0.129,0.673,0.124,0.648,0.121,0.577,0.216,0.59,0.112,0.516,0.16,0.407,0.396,0.601,0.18,0.492,0.47
39001,0.606,0.106,0.579,0.538,0.628,0.317,0.642,0.129,0.675,0.123,0.649,0.121,0.581,0.217,0.586,0.112,0.52,0.161,0.413,0.402,0.604,0.182,0.496,0.471
39300,0.61,0.107,0.581,0.538,0.63,0.317,0.643,0.129,0.677,0.124,0.652,0.121,0.587,0.218,0.588,0.112,0.527,0.162,0.412,0.405,0.608,0.183,0.5,0.473
39601,0.612,0.107,0.582,0.54,0.631,0.316,0.645,0.129,0.679,0.123,0.653,0.121,0.589,0.218,0.594,0.112,0.528,0.162,0.415,0.407,0.612,0.183,0.505,0.476
39900,0.614,0.107,0.582,0.541,0.633,0.317,0.646,0.128,0.68,0.123,0.655,0.121,0.593,0.218,0.595,0.112,0.532,0.163,0.416,0.409,0.613,0.184,0.508,0.48
40201,0.618,0.108,0.582,0.542,0.634,0.317,0.647,0.129,0.681,0.124,0.656,0.121,0.596,0.217,0.595,0.112,0.533,0.165,0.42,0.415,0.615,0.184,0.511,0.482
40500,0.622,0.107,0.584,0.547,0.635,0.318,0.649,0.129,0.684,0.123,0.657,0.121,0.598,0.215,0.601,0.112,0.535,0.167,0.423,0.417,0.617,0.184,0.514,0.484
40800,0.623,0.107,0.586,0.548,0.636,0.319,0.65,0.128,0.686,0.124,0.659,0.122,0.601,0.213,0.599,0.112,0.537,0.167,0.427,0.418,0.618,0.184,0.516,0.487
41100,0.626,0.107,0.586,0.549,0.637,0.32,0.65,0.129,0.687,0.124,0.661,0.121,0.603,0.207,0.603,0.112,0.538,0.169,0.429,0.42,0.619,0.184,0.518,0.489
41400,0.629,0.107,0.588,0.549,0.639,0.32,0.652,0.129,0.689,0.124,0.663,0.121,0.604,0.2,0.604,0.112,0.539,0.171,0.431,0.422,0.62,0.184,0.522,0.491
41701,0.632,0.107,0.588,0.548,0.64,0.32,0.653,0.129,0.691,0.124,0.664,0.121,0.606,0.194,0.608,0.112,0.54,0.173,0.435,0.424,0.622,0.184,0.524,0.495
42000,0.633,0.106,0.59,0.551,0.642,0.321,0.655,0.129,0.692,0.124,0.665,0.121,0.605,0.186,0.606,0.112,0.541,0.175,0.439,0.427,0.622,0.184,0.528,0.496
42301,0.635,0.106,0.591,0.551,0.643,0.321,0.656,0.129,0.694,0.123,0.667,0.121,0.607,0.179,0.607,0.112,0.543,0.176,0.442,0.428,0.623,0.183,0.532,0.497
42600,0.638,0.107,0.591,0.554,0.644,0.322,0.657,0.129,0.696,0.124,0.668,0.121,0.609,0.173,0.606,0.112,0.545,0.178,0.444,0.431,0.624,0.181,0.533,0.5
42901,0.638,0.106,0.592,0.554,0.646,0.322,0.658,0.129,0.698,0.124,0.67,0.121,0.61,0.167,0.61,0.112,0.546,0.18,0.444,0.432,0.626,0.179,0.534,0.503
43200,0.641,0.107,0.592,0.554,0.647,0.323,0.66,0.129,0.7,0.124,0.672,0.121,0.611,0.162,0.611,0.112,0.547,0.181,0.447,0.434,0.627,0.177,0.537,0.504
43500,0.644,0.107,0.593,0.556,0.649,0.324,0.662,0.129,0.701,0.124,0.673,0.121,0.612,0.159,0.619,0.112,0.548,0.183,0.45,0.437,0.627,0.174,0.539,0.508
43800,0.645,0.107,0.594,0.556,0.649,0.324,0.662,0.129,0.702,0.124,0.674,0.122,0.612,0.156,0.625,0.112,0.55,0.185,0.452,0.437,0.628,0.171,0.542,0.508
44100,0.646,0.107,0.597,0.557,0.651,0.324,0.664,0.129,0.704,0.125,0.676,0.122,0.613,0.153,0.622,0.112,0.552,0.186,0.455,0.44,0.629,0.168,0.544,0.512
44401,0.648,0.107,0.597,0.559,0.651,0.324,0.665,0.129,0.707,0.125,0.678,0.122,0.614,0.15,0.62,0.112,0.552,0.188,0.457,0.441,0.631,0.164,0.546,0.513
44700,0.65,0.107,0.599,0.561,0.653,0.324,0.667,0.129,0.708,0.124,0.679,0.121,0.614,0.148,0.619,0.112,0.554,0.189,0.46,0.443,0.631,0.16,0.548,0.514
45001,0.651,0.106,0.6,0.563,0.655,0.324,0.668,0.129,0.71,0.124,0.68,0.121,0.615,0.147,0.622,0.112,0.554,0.19,0.463,0.444,0.632,0.156,0.55,0.516
45300,0.653,0.107,0.602,0.564,0.656,0.324,0.669,0.129,0.711,0.123,0.682,0.121,0.616,0.146,0.627,0.111,0.556,0.19,0.465,0.446,0.634,0.153,0.553,0.52
45601,0.653,0.106,0.601,0.564,0.657,0.323,0.67,0.129,0.713,0.123,0.683,0.121,0.617,0.145,0.628,0.111,0.557,0.19,0.468,0.448,0.634,0.15,0.552,0.52
45900,0.656,0.106,0.604,0.566,0.659,0.322,0.672,0.129,0.714,0.123,0.685,0.121,0.618,0.144,0.632,0.111,0.559,0.19,0.473,0.45,0.636,0.147,0.554,0.523
46200,0.658,0.107,0.603,0.567,0.659,0.322,0.673,0.129,0.716,0.124,0.686,0.121,0.618,0.143,0.634,0.111,0.561,0.189,0.476,0.451,0.636,0.146,0.555,0.523
46500,0.66,0.106,0.604,0.568,0.661,0.322,0.674,0.129,0.718,0.123,0.688,0.121,0.619,0.143,0.633,0.111,0.562,0.188,0.479,0.456,0.637,0.144,0.559,0.527
46800,0.661,0.106,0.606,0.57,0.662,0.321,0.675,0.129,0.72,0.123,0.69,0.121,0.62,0.142,0.632,0.111,0.563,0.185,0.481,0.456,0.638,0.142,0.56,0.526
47101,0.663,0.106,0.608,0.571,0.663,0.321,0.676,0.129,0.721,0.123,0.692,0.121,0.621,0.141,0.632,0.111,0.564,0.183,0.484,0.458,0.64,0.14,0.564,0.529
47400,0.665,0.107,0.609,0.572,0.665,0.321,0.678,0.129,0.722,0.123,0.693,0.121,0.622,0.141,0.632,0.111,0.567,0.18,0.485,0.458,0.64,0.14,0.565,0.528
47701,0.666,0.107,0.61,0.573,0.666,0.32,0.679,0.129,0.724,0.123,0.695,0.122,0.624,0.141,0.637,0.11,0.567,0.176,0.486,0.459,0.642,0.139,0.566,0.531
48000,0.668,0.107,0.611,0.573,0.667,0.32,0.681,0.129,0.725,0.123,0.697,0.122,0.624,0.14,0.64,0.111,0.57,0.172,0.487,0.461,0.643,0.138,0.568,0.534
48301,0.669,0.107,0.612,0.575,0.669,0.319,0.682,0.129,0.727,0.123,0.698,0.122,0.626,0.139,0.639,0.11,0.57,0.168,0.49,0.463,0.644,0.138,0.571,0.535
48600,0.671,0.107,0.615,0.576,0.67,0.319,0.684,0.129,0.729,0.124,0.699,0.12,0.627,0.138,0.64,0.11,0.572,0.164,0.491,0.464,0.645,0.137,0.57,0.536
48900,0.672,0.107,0.614,0.577,0.671,0.319,0.684,0.129,0.73,0.123,0.701,0.121,0.629,0.137,0.641,0.11,0.574,0.161,0.492,0.465,0.646,0.137,0.572,0.537
49200,0.675,0.107,0.615,0.58,0.673,0.319,0.686,0.129,0.732,0.124,0.703,0.122,0.63,0.137,0.645,0.11,0.575,0.158,0.494,0.466,0.647,0.137,0.574,0.539
49500,0.676,0.107,0.618,0.58,0.674,0.319,0.687,0.129,0.734,0.124,0.705,0.121,0.632,0.136,0.649,0.11,0.577,0.155,0.496,0.468,0.648,0.136,0.576,0.54
49801,0.679,0.107,0.619,0.581,0.675,0.318,0.688,0.129,0.736,0.124,0.707,0.121,0.633,0.136,0.652,0.11,0.579,0.154,0.498,0.47,0.649,0.136,0.578,0.543
50100,0.68,0.107,0.621,0.583,0.676,0.318,0.689,0.129,0.738,0.124,0.708,0.121,0.633,0.135,0.65,0.11,0.58,0.152,0.5,0.47,0.65,0.136,0.58,0.543
50401,0.682,0.107,0.622,0.584,0.678,0.318,0.691,0.13,0.739,0.124,0.71,0.121,0.634,0.134,0.653,0.11,0.581,0.151,0.501,0.471,0.653,0.136,0.581,0.546
50700,0.684,0.107,0.624,0.585,0.679,0.318,0.693,0.129,0.741,0.124,0.711,0.121,0.636,0.134,0.659,0.11,0.583,0.15,0.503,0.474,0.653,0.136,0.583,0.547
51001,0.685,0.107,0.625,0.586,0.681,0.318,0.694,0.129,0.742,0.123,0.713,0.121,0.637,0.133,0.662,0.11,0.584,0.15,0.506,0.477,0.654,0.135,0.584,0.548
51300,0.687,0.107,0.627,0.587,0.682,0.318,0.695,0.129,0.744,0.124,0.715,0.121,0.638,0.133,0.665,0.111,0.587,0.149,0.508,0.477,0.656,0.135,0.583,0.55
51600,0.689,0.107,0.626,0.589,0.683,0.318,0.696,0.129,0.746,0.124,0.717,0.122,0.64,0.133,0.661,0.113,0.587,0.148,0.51,0.477,0.656,0.135,0.588,0.551
51900,0.689,0.107,0.627,0.591,0.685,0.318,0.697,0.129,0.748,0.123,0.718,0.122,0.641,0.133,0.668,0.113,0.589,0.148,0.511,0.479,0.658,0.135,0.587,0.554
52200,0.691,0.107,0.629,0.591,0.686,0.318,0.699,0.13,0.75,0.124,0.72,0.121,0.641,0.133,0.672,0.112,0.59,0.148,0.513,0.481,0.658,0.135,0.589,0.553
52501,0.693,0.108,0.629,0.592,0.687,0.318,0.7,0.13,0.752,0.124,0.722,0.121,0.643,0.132,0.669,0.112,0.593,0.148,0.512,0.481,0.66,0.134,0.591,0.554
52800,0.694,0.107,0.63,0.594,0.688,0.318,0.702,0.131,0.754,0.124,0.724,0.121,0.643,0.132,0.67,0.113,0.594,0.148,0.514,0.483,0.661,0.134,0.592,0.555
53101,0.697,0.107,0.631,0.595,0.689,0.318,0.703,0.132,0.756,0.124,0.725,0.121,0.646,0.132,0.676,0.113,0.596,0.148,0.517,0.486,0.662,0.134,0.593,0.557
53400,0.698,0.107,0.633,0.596,0.691,0.319,0.705,0.133,0.758,0.124,0.726,0.122,0.646,0.132,0.67,0.113,0.597,0.149,0.52,0.489,0.664,0.134,0.594,0.559
53701,0.7,0.108,0.635,0.597,0.692,0.319,0.706,0.134,0.761,0.124,0.729,0.122,0.647,0.132,0.668,0.112,0.598,0.148,0.522,0.488,0.665,0.135,0.593,0.561
54000,0.702,0.108,0.637,0.599,0.693,0.32,0.708,0.134,0.764,0.123,0.731,0.122,0.649,0.132,0.672,0.112,0.6,0.149,0.522,0.488,0.665,0.134,0.597,0.561
54300,0.704,0.108,0.639,0.599,0.695,0.32,0.71,0.134,0.765,0.124,0.733,0.122,0.65,0.132,0.668,0.111,0.603,0.148,0.522,0.488,0.667,0.134,0.6,0.565
54600,0.705,0.108,0.642,0.602,0.696,0.32,0.712,0.134,0.767,0.123,0.735,0.122,0.651,0.132,0.669,0.114,0.604,0.148,0.524,0.49,0.669,0.135,0.601,0.565
54900,0.707,0.108,0.643,0.602,0.697,0.321,0.714,0.133,0.769,0.123,0.739,0.121,0.653,0.132,0.672,0.114,0.604,0.148,0.525,0.491,0.67,0.134,0.603,0.567
55201,0.708,0.109,0.644,0.603,0.699,0.321,0.716,0.133,0.77,0.124,0.74,0.121,0.654,0.133,0.679,0.116,0.607,0.148,0.527,0.492,0.671,0.136,0.601,0.568
55500,0.71,0.108,0.645,0.605,0.701,0.322,0.718,0.132,0.773,0.124,0.742,0.121,0.656,0.132,0.677,0.115,0.61,0.148,0.527,0.494,0.672,0.135,0.606,0.568
55801,0.711,0.108,0.646,0.607,0.701,0.322,0.719,0.132,0.775,0.124,0.744,0.121,0.657,0.132,0.679,0.116,0.611,0.148,0.529,0.495,0.674,0.134,0.607,0.571
56100,0.714,0.108,0.648,0.608,0.703,0.322,0.721,0.131,0.776,0.124,0.745,0.122,0.658,0.133,0.68,0.115,0.616,0.148,0.532,0.496,0.675,0.135,0.61,0.572
56401,0.714,0.109,0.651,0.609,0.704,0.323,0.722,0.13,0.779,0.124,0.747,0.122,0.66,0.132,0.676,0.115,0.616,0.148,0.532,0.497,0.677,0.135,0.61,0.575
56700,0.717,0.109,0.653,0.613,0.706,0.324,0.725,0.13,0.78,0.124,0.749,0.121,0.662,0.132,0.674,0.116,0.619,0.148,0.532,0.498,0.677,0.134,0.614,0.576
57000,0.719,0.109,0.654,0.612,0.708,0.325,0.726,0.129,0.782,0.124,0.751,0.122,0.662,0.132,0.678,0.116,0.62,0.148,0.536,0.498,0.678,0.135,0.617,0.579
57300,0.72,0.109,0.655,0.613,0.71,0.325,0.728,0.129,0.784,0.124,0.753,0.122,0.663,0.132,0.682,0.115,0.623,0.148,0.536,0.501,0.68,0.135,0.618,0.58
57600,0.721,0.109,0.655,0.615,0.712,0.326,0.73,0.128,0.785,0.124,0.754,0.122,0.665,0.132,0.684,0.116,0.624,0.148,0.537,0.501,0.682,0.135,0.62,0.582
57901,0.722,0.109,0.656,0.615,0.713,0.327,0.731,0.128,0.787,0.124,0.756,0.121,0.667,0.132,0.684,0.118,0.625,0.148,0.539,0.502,0.683,0.134,0.621,0.584
58200,0.724,0.107,0.658,0.616,0.715,0.329,0.733,0.128,0.79,0.124,0.758,0.122,0.668,0.132,0.688,0.117,0.628,0.148,0.541,0.504,0.685,0.134,0.623,0.586
58501,0.725,0.108,0.659,0.618,0.716,0.329,0.734,0.128,0.791,0.124,0.759,0.121,0.67,0.132,0.691,0.118,0.63,0.148,0.542,0.504,0.687,0.134,0.625,0.588
58800,0.727,0.107,0.66,0.619,0.718,0.331,0.736,0.128,0.793,0.124,0.761,0.122,0.671,0.133,0.687,0.117,0.632,0.148,0.544,0.505,0.689,0.135,0.628,0.59
59101,0.73,0.107,0.661,0.621,0.72,0.332,0.738,0.128,0.795,0.124,0.763,0.122,0.672,0.132,0.69,0.115,0.634,0.149,0.545,0.506,0.691,0.134,0.629,0.593
59400,0.731,0.107,0.662,0.621,0.721,0.335,0.74,0.128,0.796,0.124,0.764,0.122,0.674,0.132,0.695,0.115,0.637,0.149,0.547,0.509,0.692,0.135,0.63,0.594
59700,0.732,0.108,0.664,0.623,0.722,0.336,0.741,0.128,0.797,0.124,0.766,0.122,0.676,0.132,0.691,0.114,0.639,0.148,0.549,0.509,0.693,0.135,0.63,0.595
60000,0.734,0.107,0.665,0.625,0.724,0.338,0.742,0.128,0.8,0.124,0.767,0.122,0.677,0.132,0.692,0.113,0.64,0.148,0.55,0.51,0.695,0.135,0.633,0.597
60300,0.736,0.107,0.668,0.626,0.727,0.339,0.744,0.128,0.801,0.124,0.769,0.122,0.68,0.132,0.689,0.113,0.642,0.148,0.553,0.512,0.696,0.135,0.634,0.598
60601,0.739,0.107,0.668,0.626,0.728,0.34,0.745,0.128,0.803,0.124,0.77,0.122,0.682,0.132,0.693,0.113,0.643,0.149,0.554,0.513,0.698,0.135,0.636,0.6
60900,0.74,0.108,0.669,0.628,0.729,0.343,0.748,0.128,0.804,0.123,0.772,0.122,0.684,0.131,0.693,0.112,0.645,0.148,0.555,0.514,0.7,0.135,0.638,0.601
61201,0.742,0.108,0.67,0.63,0.73,0.344,0.748,0.128,0.806,0.124,0.774,0.122,0.686,0.132,0.694,0.111,0.646,0.148,0.555,0.515,0.701,0.135,0.639,0.601
61500,0.745,0.108,0.672,0.631,0.733,0.346,0.75,0.128,0.806,0.124,0.775,0.122,0.688,0.132,0.695,0.111,0.649,0.148,0.555,0.515,0.703,0.136,0.641,0.604
61801,0.745,0.108,0.672,0.633,0.732,0.347,0.752,0.128,0.809,0.124,0.777,0.122,0.69,0.132,0.701,0.111,0.649,0.148,0.557,0.517,0.704,0.136,0.642,0.604
62100,0.747,0.107,0.674,0.634,0.735,0.348,0.753,0.128,0.811,0.125,0.779,0.122,0.691,0.133,0.703,0.11,0.652,0.148,0.559,0.519,0.706,0.135,0.645,0.606
62400,0.75,0.108,0.677,0.636,0.737,0.351,0.755,0.128,0.813,0.124,0.78,0.122,0.693,0.133,0.709,0.111,0.653,0.148,0.56,0.52,0.708,0.134,0.646,0.606
62700,0.751,0.108,0.677,0.637,0.737,0.352,0.756,0.129,0.814,0.124,0.782,0.122,0.694,0.133,0.71,0.11,0.654,0.148,0.562,0.521,0.708,0.136,0.648,0.606
63000,0.753,0.108,0.677,0.638,0.739,0.354,0.758,0.128,0.816,0.124,0.783,0.122,0.696,0.133,0.707,0.11,0.657,0.148,0.563,0.521,0.711,0.136,0.649,0.608
63301,0.755,0.108,0.679,0.639,0.741,0.356,0.759,0.128,0.817,0.125,0.785,0.122,0.698,0.133,0.709,0.11,0.658,0.149,0.564,0.522,0.711,0.135,0.65,0.609
63600,0.756,0.108,0.681,0.641,0.742,0.357,0.76,0.128,0.819,0.125,0.786,0.122,0.699,0.132,0.714,0.11,0.661,0.148,0.566,0.524,0.713,0.136,0.651,0.61
63901,0.757,0.108,0.682,0.643,0.743,0.358,0.762,0.128,0.819,0.124,0.787,0.122,0.701,0.132,0.712,0.11,0.661,0.148,0.567,0.524,0.715,0.134,0.654,0.614
64200,0.76,0.107,0.684,0.644,0.746,0.36,0.763,0.128,0.822,0.124,0.788,0.122,0.701,0.133,0.714,0.11,0.662,0.148,0.567,0.526,0.715,0.135,0.656,0.613
64501,0.761,0.108,0.684,0.645,0.747,0.361,0.765,0.128,0.823,0.124,0.79,0.122,0.703,0.133,0.717,0.11,0.665,0.148,0.567,0.524,0.718,0.135,0.658,0.615
64800,0.763,0.107,0.684,0.647,0.748,0.363,0.766,0.128,0.824,0.124,0.791,0.122,0.705,0.133,0.719,0.11,0.667,0.148,0.568,0.525,0.718,0.136,0.657,0.615
65100,0.765,0.108,0.688,0.648,0.748,0.365,0.767,0.129,0.826,0.124,0.793,0.123,0.706,0.132,0.72,0.109,0.668,0.148,0.569,0.526,0.72,0.135,0.657,0.617
65400,0.766,0.107,0.689,0.649,0.749,0.366,0.768,0.129,0.827,0.125,0.795,0.124,0.708,0.132,0.718,0.11,0.67,0.148,0.571,0.527,0.721,0.135,0.658,0.617
65700,0.767,0.109,0.692,0.65,0.751,0.368,0.77,0.13,0.829,0.124,0.796,0.123,0.71,0.132,0.72,0.109,0.671,0.149,0.572,0.528,0.723,0.135,0.661,0.616
66001,0.769,0.109,0.693,0.652,0.751,0.37,0.771,0.132,0.831,0.124,0.797,0.123,0.711,0.132,0.719,0.109,0.673,0.149,0.572,0.528,0.724,0.136,0.662,0.621
66300,0.771,0.109,0.695,0.653,0.752,0.372,0.772,0.132,0.832,0.124,0.799,0.122,0.713,0.132,0.721,0.109,0.674,0.148,0.575,0.53,0.726,0.135,0.663,0.626
66601,0.771,0.109,0.696,0.655,0.755,0.374,0.774,0.132,0.834,0.124,0.8,0.123,0.713,0.132,0.727,0.109,0.675,0.149,0.575,0.532,0.728,0.135,0.664,0.628
66900,0.774,0.109,0.697,0.656,0.756,0.375,0.775,0.129,0.835,0.124,0.802,0.122,0.715,0.132,0.734,0.109,0.679,0.149,0.576,0.532,0.729,0.135,0.665,0.63
67201,0.775,0.109,0.697,0.657,0.758,0.376,0.776,0.129,0.837,0.124,0.803,0.122,0.717,0.132,0.732,0.109,0.677,0.149,0.576,0.532,0.73,0.135,0.664,0.631
67500,0.777,0.109,0.697,0.659,0.759,0.377,0.778,0.128,0.838,0.124,0.804,0.122,0.718,0.132,0.73,0.109,0.681,0.149,0.578,0.533,0.732,0.135,0.668,0.633
67800,0.778,0.108,0.698,0.661,0.759,0.38,0.779,0.128,0.839,0.124,0.806,0.122,0.719,0.133,0.736,0.109,0.683,0.149,0.578,0.534,0.733,0.136,0.669,0.633
68100,0.779,0.108,0.699,0.663,0.761,0.381,0.781,0.129,0.841,0.124,0.808,0.123,0.72,0.133,0.742,0.109,0.683,0.149,0.579,0.537,0.735,0.135,0.67,0.636
68400,0.78,0.108,0.702,0.663,0.761,0.383,0.782,0.129,0.843,0.125,0.809,0.122,0.723,0.133,0.747,0.109,0.686,0.149,0.579,0.537,0.736,0.135,0.671,0.636
68701,0.782,0.108,0.701,0.663,0.763,0.386,0.783,0.129,0.844,0.124,0.81,0.123,0.723,0.133,0.753,0.109,0.685,0.15,0.579,0.537,0.737,0.136,0.673,0.638
69000,0.785,0.108,0.703,0.665,0.765,0.388,0.785,0.129,0.845,0.124,0.812,0.123,0.725,0.133,0.753,0.109,0.688,0.15,0.581,0.539,0.738,0.135,0.673,0.64
69301,0.785,0.108,0.703,0.665,0.766,0.388,0.785,0.129,0.847,0.125,0.813,0.122,0.727,0.133,0.748,0.109,0.689,0.149,0.583,0.541,0.739,0.136,0.675,0.64
69600,0.787,0.108,0.704,0.667,0.767,0.39,0.787,0.129,0.848,0.125,0.814,0.122,0.729,0.133,0.745,0.109,0.691,0.15,0.583,0.54,0.74,0.135,0.678,0.642
69901,0.788,0.108,0.707,0.67,0.77,0.393,0.788,0.129,0.85,0.125,0.815,0.122,0.73,0.133,0.744,0.109,0.692,0.15,0.585,0.542,0.741,0.135,0.679,0.643
70200,0.79,0.108,0.707,0.671,0.77,0.394,0.79,0.129,0.851,0.125,0.818,0.122,0.731,0.133,0.748,0.109,0.695,0.15,0.585,0.542,0.743,0.136,0.681,0.645
70500,0.791,0.108,0.709,0.672,0.771,0.394,0.791,0.128,0.852,0.126,0.819,0.123,0.732,0.133,0.756,0.109,0.697,0.15,0.586,0.541,0.744,0.136,0.682,0.646
70800,0.792,0.109,0.711,0.673,0.772,0.397,0.792,0.129,0.853,0.124,0.82,0.122,0.733,0.133,0.759,0.109,0.697,0.15,0.587,0.542,0.746,0.135,0.681,0.649
71100,0.794,0.109,0.713,0.674,0.773,0.4,0.794,0.129,0.855,0.125,0.821,0.122,0.735,0.133,0.757,0.109,0.697,0.149,0.589,0.544,0.748,0.136,0.682,0.65
71401,0.795,0.109,0.714,0.675,0.774,0.401,0.795,0.129,0.856,0.125,0.823,0.122,0.736,0.133,0.753,0.109,0.698,0.149,0.59,0.544,0.748,0.135,0.685,0.653
71700,0.797,0.109,0.715,0.677,0.776,0.403,0.796,0.128,0.857,0.124,0.824,0.122,0.737,0.133,0.754,0.109,0.702,0.149,0.59,0.545,0.749,0.136,0.683,0.656
72001,0.797,0.109,0.717,0.677,0.777,0.404,0.797,0.128,0.859,0.124,0.825,0.123,0.739,0.133,0.755,0.109,0.702,0.149,0.592,0.547,0.751,0.135,0.687,0.653
