Mutation,9+,11+,14+,21+,23+,24+,1-,3-,6-,10-,13-,15-
C2879T,1,1,0,1,0,0,1,0,0,0,0,0
C2938A,0,0,0,0,0,0,0,0,0,0,1,0
C2969T,0,1,0,0,0,0,0,0,1,0,0,0
C2988A,0,0,0,0,0,0,1,0,0,0,0,0
A2989G,0,0,1,0,1,1,0,0,0,0,0,0
T2991G,1,0,0,1,0,0,0,0,0,1,0,0
C2999A,0,0,0,0,0,0,0,0,0,0,0,1
C2999T,0,1,1,1,1,1,0,1,0,0,0,0
C3033A,1,0,0,1,1,0,0,0,0,0,0,0
A3034G,1,1,1,1,1,1,1,1,0,0,1,1
C3119T,1,0,1,0,0,1,0,0,0,0,0,0
C3147A,0,0,0,0,0,0,0,0,0,0,1,0
C3227A,1,0,0,0,0,0,0,0,0,0,0,0
C3227T,0,0,0,0,0,0,0,1,0,0,0,1
G3229A,0,1,0,0,0,0,0,1,0,0,0,0
T3230C,0,1,1,0,1,0,0,0,0,0,0,0
A3233G,0,0,0,0,0,0,0,1,0,0,0,0
T3248C,0,0,0,0,0,0,0,0,0,0,1,0
C3310T,1,1,1,0,1,1,0,0,0,0,0,0
G3319A,1,1,1,1,1,1,0,0,1,0,0,1
A3320G,0,0,0,0,0,0,1,0,0,0,0,0
T3321A,1,1,1,1,1,1,0,0,0,0,0,0
